stories_id,publish_date,title,url,language,ap_syndicated,themes,media_id,media_name,media_url
"1484177680","2020-01-01 16:17:18","Here are 10 new laws that are now in effect in 2020","https://www.alternet.org/2020/01/here-are-10-new-laws-that-are-now-in-effect-in-2020/","en","False","","56758","Alternet","https://www.alternet.org/"
"1484895964","2020-01-02 13:58:42","2020 laws that give us hope for the year ahead","http://feeds.mashable.com/~r/Mashable/~3/cTkTuzWn3C8/","en","False","","5527","Mashable!","http://mashable.com"
"1486077544","2020-01-03 15:30:00","We Ain’t Surprised: New Study Says Black People in California Are Stopped by Police More Than Other Groups","https://www.theroot.com/we-ain-t-surprised-new-study-says-black-people-in-cali-1840795185","en","False","","368082","theroot.com","http://theroot.com/"
"1486653755","2020-01-04 20:30:03","How Prince William Had Power To Forever Change Monarchy ","https://www.ibtimes.com/how-prince-william-had-power-forever-change-monarchy-2896373?utm_source=Public&utm_medium=Feed&utm_campaign=Distribution","en","False","","41550","IBTimes","http://www.ibtimes.com/"
"1495761096","2020-01-15 11:52:59","Kansas bill would ban discrimination against dreadlocks, other natural hairstyles","https://www.kansascity.com/news/politics-government/article239293553.html#storylink=rss","en","False","","30","Kansas City Star","http://www.kansascity.com/"
"1497000431","2020-01-16 17:11:24","Lawmaker reveals she has alopecia: 'It's important I'm transparent about this'","http://rss.cnn.com/~r/rss/cnn_topstories/~3/TJVJTmNJhQk/index.html","en","False","","20088","CNN U.S. Edition","http://us.cnn.com"
"1497064540","2020-01-16 19:26:20","Rep. Ayanna Pressley goes public with alopecia and baldness","https://www.ledger-enquirer.com/entertainment/article239371758.html#storylink=rss","en","False","","82483","ledger-enquirer.com","http://www.ledger-enquirer.com/#spider"
"1497066873","2020-01-16 19:26:20","Rep. Ayanna Pressley goes public with alopecia and baldness","https://www.sacbee.com/entertainment/celebrities/article239371758.html#storylink=rss","en","False","","26","Sac Bee","http://www.sacbee.com/"
"1497067669","2020-01-16 19:26:20","Rep. Ayanna Pressley goes public with alopecia and baldness","https://www.kansascity.com/entertainment/article239371758.html#storylink=rss","en","False","","30","Kansas City Star","http://www.kansascity.com/"
"1497071247","2020-01-16 19:24:07","Rep. Ayanna Pressley goes public with alopecia and baldness","https://www.sfgate.com/entertainment/article/Rep-Ayanna-Pressley-goes-public-with-alopecia-14981797.php","en","True","","14","SF Chronicle","http://www.sfgate.com/"
"1497087939","2020-01-16 17:44:25","Rep. Ayanna Pressley goes public with alopecia and baldness","https://www.providencejournal.com/ZZ/news/20200116/rep-ayanna-pressley-goes-public-with-alopecia-and-baldness?rssfeed=true","en","True","","68874","providencejournal.com","http://www.providencejournal.com/#spider"
"1497098143","2020-01-16 16:00:00","C’mon Kansas! Will the Sunflower State Be the Next to Ban Hair Discrimination?","https://theglowup.theroot.com/cmon-kansas-will-the-sunflower-state-be-the-next-to-ba-1841044082","en","False","","368082","theroot.com","http://theroot.com/"
"1497118636","2020-01-16 20:37:47","Rep. Ayanna Pressley reveals she has alopecia","https://www.eastbaytimes.com/2020/01/16/rep-ayanna-pressley-reveals-she-has-alopecia/","en","False","","27512","The Insider -","http://www.ibabuzz.com/insider/"
"1497117948","2020-01-16 20:37:47","Rep. Ayanna Pressley reveals she has alopecia","https://www.mercurynews.com/2020/01/16/rep-ayanna-pressley-reveals-she-has-alopecia/","en","False","","35","San Jose Mercury News","http://www.mercurynews.com/"
"1497122406","2020-01-16 17:44:25","Rep. Ayanna Pressley goes public with alopecia and baldness","https://www.norwichbulletin.com/ZZ/news/20200116/rep-ayanna-pressley-goes-public-with-alopecia-and-baldness?rssfeed=true","en","True","","74242","norwichbulletin.com","http://www.norwichbulletin.com/#spider"
"1503091078","2020-01-23 14:50:29","Texas school district bars black student from graduating with dreadlocks","https://www.theguardian.com/us-news/2020/jan/23/deandre-arnold-texas-school-district-student-dreadlocks","en","False","","1751","Guardian US","https://www.theguardian.com/us"
"1503100107","2020-01-23 14:50:29","Texas school district bars black student from graduating with dreadlocks","https://www.theguardian.com/us-news/2020/jan/23/deandre-arnold-texas-school-district-student-dreadlocks","en","False","","623382","Guardian","http://www.theguardian.com/us"
"1503896595","2020-01-24 11:30:32","These 2020 laws look to level playing field for California workers","https://www.dailynews.com/2020/01/24/these-2020-laws-look-to-level-playing-field-for-california-workers/","en","False","","24901","Bleacher Report","http://bleacherreport.com"
"1504086256","2020-01-24 15:42:00","Second teen suspended over dreadlocks at Texas school","https://www.nbcnews.com/news/us-news/second-teen-suspended-over-dreadlocks-texas-school-n1122261?cid=public-rss_20200124","en","False","","34663","NBC Breaking News","http://www.breakingnews.com#spider"
"1504172450","2020-01-24 18:21:12","Black Texas Teen Learns He Won’t Walk At Graduation Unless He Cuts His Locs","https://www.huffpost.com/entry/deandre-arnold-locs-graduation-texas_n_5e29e33bc5b6d6767fd0b91b","en","False","","623375","Huffington Post - United States","http://www.huffingtonpost.com/?country=US"
"1504186227","2020-01-24 18:21:12","Black Texas Teen Learns He Won't Walk At Graduation Unless He Cuts His Locs","https://www.huffpost.com/entry/deandre-arnold-locs-graduation-texas_n_5e29e33bc5b6d6767fd0b91b","en","False","","96720","HuffPost Latino Voices","http://voces.huffingtonpost.com/#spider"
"1510259582","2020-01-30 14:37:43","Matthew A. Cherry on the story behind ""Hair Love""","http://feeds.cbsnews.com/~r/CBSNewsMain/~3/eAhbemPSkO4/","en","False","","1752","CBS News","http://www.cbsnews.com/"
"1514973616","2020-02-07 19:00:14","Texas lawmakers are drafting a hair discrimination bill","http://www.startribune.com/texas-lawmakers-are-drafting-a-hair-discrimination-bill/567674382/","en","False","","19","Star Tribune ","http://www.startribune.com/"
"1514980436","2020-02-07 19:00:38","Texas lawmakers are drafting a hair discrimination bill","https://www.sacbee.com/news/nation-world/article240102873.html#storylink=rss","en","False","","26","Sac Bee","http://www.sacbee.com/"
"1514981902","2020-02-07 19:00:38","Texas lawmakers are drafting a hair discrimination bill","https://www.kansascity.com/news/nation-world/article240102873.html#storylink=rss","en","False","","30","Kansas City Star","http://www.kansascity.com/"
"1510712457","2020-01-31 10:06:24","&#8216;Hair Love&#8217; director wants to win Oscar in honor of Kobe","https://www.seattletimes.com/entertainment/hair-love-director-wants-to-win-oscar-in-honor-of-kobe/?utm_source=RSS&utm_medium=Referral&utm_campaign=RSS_all","en","True","","24940","Seattle Times","http://seattletimes.com"
"1515233753","2020-02-03 04:45:17","The Business Of Black Hair","https://www.huffpost.com/entry/business-black-hair-care_l_5e1f77cac5b63211760d536e","en","False","","96720","HuffPost Latino Voices","http://voces.huffingtonpost.com/#spider"
"1516090824","2020-02-09 03:55:44","The nation in brief
","http://www.arkansasonline.com/news/2020/feb/09/mississippi-fire-fatal-to-mother-6-kids/","en","False","","56","Arkansas Democrat-Gazette ","http://www2.arkansasonline.com/"
"1516471006","2020-02-09 15:30:00","Black Hair Isn't the Problem in Hollywood, Lack of Representation and Unskilled Stylists Are","https://jezebel.com/black-hair-isnt-a-problem-in-hollywood-lack-of-represe-1841560028","en","False","","6154","Jezebel","http://jezebel.com"
"1516553325","2020-02-09 19:13:24","Student Who Was Told to Cut His Dreadlocks Arrives at Oscars","https://variety.com/2020/film/news/gabrielle-union-oscars-guest-student-dreadlocks-deandre-arnold-1203496569/","en","False","","19076","variety.com","http://www.variety.com"
"1516591680","2020-02-09 21:22:13","‘Hair Love’ Director Matthew A. Cherry Calls For Normalizing Black Hair In Oscars Speech","https://www.huffpost.com/entry/hair-love-2020-oscars-matthew-a-cherry-crown-act_n_5e40b117c5b6f1f57f13a221","en","False","","623375","Huffington Post - United States","http://www.huffingtonpost.com/?country=US"
"1516592203","2020-02-09 21:08:28","What you need to know about the CROWN Act","http://rss.cnn.com/~r/rss/cnn_latest/~3/Jn-VYW1NXhw/index.html","en","False","","20088","CNN U.S. Edition","http://us.cnn.com"
"1516592198","2020-02-09 21:20:07","'Hair Love' went from a Kickstarter to an Oscar winner","http://rss.cnn.com/~r/rss/cnn_latest/~3/gY0-VZDRIFU/index.html","en","False","","20088","CNN U.S. Edition","http://us.cnn.com"
"1516593196","2020-02-09 21:33:12","Hair Love Wins Best Animated Short Film at 2020 Oscars: &#8216;Representation Matters Deeply&#8217;","https://people.com/movies/oscars-2020-hair-love-wins-best-animated-short-film/","en","False","","300472","PEOPLE.com","http://www.people.com/people/"
"1516658378","2020-02-09 19:10:00","NFL Vet Matthew Cherry Wins Oscar for Hair Love, a Sweet Tribute to Black Fatherhood","https://www.providencejournal.com/ZZ/entertainment/20200209/nfl-vet-matthew-cherry-wins-oscar-for-hair-love-sweet-tribute-to-black-fatherhood?rssfeed=true","en","False","","68874","providencejournal.com","http://www.providencejournal.com/#spider"
"1516671152","2020-02-09 21:22:13","'Hair Love' Director Matthew A. Cherry Calls For Normalizing Black Hair In Oscars Speech","https://www.huffpost.com/entry/hair-love-2020-oscars-matthew-a-cherry-crown-act_n_5e40b117c5b6f1f57f13a221","en","False","","623373","Huffington Post Black Voices","http://www.huffingtonpost.com/black-voices/"
"1516693915","2020-02-10 00:15:00","From 'Queer Rights' to 'Animal Rights,' 2020 Oscars Were SJW Dream","https://www.newsbusters.org/blogs/culture/karen-townsend/2020/02/10/queer-rights-animal-rights-2020-oscars-sjw-dream","en","False","","1125","NewsBusters","http://newsbusters.org"
"1517067140","2020-02-10 08:54:47","A scattershot Oscars had some pleasant surprises: Review","https://ew.com/oscars/2020/02/10/oscars-2020-review/","en","False","","72605","Entertainment Weekly","http://www.ew.com"
"1517099560","2020-02-10 09:15:54","Texas teen suspended for not cutting his dreadlocks walks Oscar red carpet","https://www.miamiherald.com/news/nation-world/national/article240147663.html#storylink=rss","en","False","","28","Miami Herald","http://www.miamiherald.com/"
"1517103973","2020-02-10 09:15:54","Texas teen suspended for not cutting his dreadlocks walks Oscar red carpet","https://www.ledger-enquirer.com/news/nation-world/national/article240147663.html#storylink=rss","en","False","","82483","ledger-enquirer.com","http://www.ledger-enquirer.com/#spider"
"1517111178","2020-02-10 09:30:00","Oscars 2020: Matthew A. Cherry Manifests #HairLove Success and Janelle Monáe Welcomes Us to the Neighborhood","https://thegrapevine.theroot.com/oscars-2020-matthew-a-cherry-manifests-hairlove-succ-1841560932","en","False","","368082","theroot.com","http://theroot.com/"
"1517112350","2020-02-10 09:36:31","Former Bengals WR wins Oscar for 'Hair Love,' about a dad doing his daughter's hair","http://rssfeeds.cincinnati.com/~/618005974/0/cincinnati-sports~Former-Bengals-WR-wins-Oscar-for-Hair-Love-about-a-dad-doing-his-daughters-hair/","en","False","","26590","cincinnati.com","http://cincinnati.com"
"1517154594","2020-02-10 10:40:32","Matthew Cherry, Former NFL Player, Wins Oscar for Best Animated Short Film, Dedicates Award to Kobe Bryant","https://www.newsweek.com/matthew-cherry-former-nfl-player-wins-oscar-best-animated-short-film-dedicates-award-kobe-1486520?utm_source=Public&utm_medium=Feed&utm_campaign=Distribution","en","False","","56510","Newsweek","http://newsweek.com/"
"1517606809","2020-02-10 17:01:05","The CROWN Act: How a Texas teen ended up on Oscar's red carpet","https://hotair.com/archives/karen-townsend/2020/02/10/crown-act-texas-teen-ended-oscars-red-carpet/","en","False","","117","Hot Air  ","http://hotair.com"
"1518244546","2020-02-10 20:20:00","'Hair Love' Wins Oscar For Best Animated Short Film","http://feedproxy.google.com/~r/newsy-allvideos/~3/zXYzpYCpQAk/","en","False","","85364","newsy","http://www.newsy.com/#spider"
"1518822511","2020-02-09 21:22:13","'Hair Love' Director Matthew A. Cherry Calls For Normalizing Black Hair In Oscars Speech","https://www.huffpost.com/entry/hair-love-2020-oscars-matthew-a-cherry-crown-act_n_5e40b117c5b6f1f57f13a221","en","False","","96720","HuffPost Latino Voices","http://voces.huffingtonpost.com/#spider"
"1519299031","2020-02-12 12:48:48","Curl Specialist and Salon Owner Christin Brown On The Curly Hair Revolution","https://www.forbes.com/sites/mollysprayregen/2020/02/12/curl-specialist-and-salon-owner-christin-brown-on-the-curly-hair-revolution/","en","False","","1104","Forbes","http://www.forbes.com/"
"1520107578","2020-02-13 08:00:26","'Hair Love' won an Oscar. It's smart. It's funny. And that makes me furious","http://rssfeeds.azcentral.com/~/618265850/0/phoenix/opinions~Hair-Love-won-an-Oscar-Its-smart-Its-funny-And-that-makes-me-furious/","en","False","","25128","AZCentral","http://www.azcentral.com"
"1522531752","2020-02-16 07:24:00","In just 1 week, 3 states considered bills to ban discrimination based on hair texture or style","http://rss.cnn.com/~r/rss/cnn_latest/~3/9BySRIYqbAI/index.html","en","False","","20088","CNN U.S. Edition","http://us.cnn.com"
"1523056860","2020-02-16 14:30:00","Hair Love Across the Nation: 3 States Passed Laws Ending Black Hair Discrimination Within a Week","https://www.theroot.com/hair-love-across-the-nation-3-states-passed-laws-endin-1841731428","en","False","","368082","theroot.com","http://theroot.com/"
"1524303704","2020-02-18 09:00:18","Black haircare startup Naza Beauty just raised $1 million from Alexis Ohanian’s Initialized Capital","https://techcrunch.com/2020/02/18/black-haircare-startup-naza-beauty-just-raised-1-million-from-alexis-ohanians-initialized-capital/","en","False","","4438","TechCrunch","http://techcrunch.com"
"1524578323","2020-02-18 06:20:07","The Flash Finally Let Iris West Be Black, and Now the Show Is the Best It's Ever Been","https://www.dispatch.com/ZZ/entertainment/20200218/flash-finally-let-iris-west-be-black-and-now-show-is-best-its-ever-been?rssfeed=true","en","False","","41","Columbus Dispatch","http://www.dispatch.com/"
"1524599060","2020-02-18 06:20:07","The Flash Finally Let Iris West Be Black, and Now the Show Is the Best It's Ever Been","https://www.norwichbulletin.com/ZZ/entertainment/20200218/flash-finally-let-iris-west-be-black-and-now-show-is-best-its-ever-been?rssfeed=true","en","False","","74242","norwichbulletin.com","http://www.norwichbulletin.com/#spider"
"1526313570","2020-02-20 07:25:34.897428","Bill to end hairstyle discrimination discussed","http://rss.cnn.com/~r/rss/cnn_us/~3/YsK3oHm1cJs/","en","False","","20088","CNN U.S. Edition","http://us.cnn.com"
"1528702848","2020-02-22 22:40:28","‘Let’s Keep Fighting’: ‘Just Mercy’s’ Bryan Stevenson Urges Advocacy at NAACP Image Awards","https://variety.com/2020/tv/news/naacp-image-awards-bryan-stevenson-just-mercy-1203511883/","en","False","","19076","variety.com","http://www.variety.com"
"1533062738","2020-02-27 14:10:00","There are zero black women leading Fortune 500 companies right now. Here's how company culture can be sculpted to change that.","https://www.businessinsider.com/diversity-and-inclusion-change-company-culture-for-black-women-2020-2","en","False","","18710","Business Insider","http://www.businessinsider.com"
"1533888872","2020-02-28 09:10:45","Black women prefer hair products marketed with them in mind","https://theconversation.com/black-women-prefer-hair-products-marketed-with-them-in-mind-132159","en","False","","54346","Conversation","https://theconversation.com/us"
"1534098904","2020-02-28 13:10:05","As natural hair is embraced, states adopt laws to protect it","https://www.csmonitor.com/USA/Society/2020/0228/As-natural-hair-is-embraced-states-adopt-laws-to-protect-it?icid=rss","en","False","","3","Christian Science Monitor","http://csmonitor.com"
"1537584260","2020-03-03 15:20:41","Platt Grad Part of Team Behind Oscar-Winning ‘Hair Love’","https://www.usnews.com/news/best-states/connecticut/articles/2020-03-03/platt-grad-part-of-team-behind-oscar-winning-hair-love","en","True","","1100","US News & World Report ","http://www.usnews.com/"
"1538148647","2020-02-24 08:16:50","POLL: FOXX-CONWAY RACE UP IN THE AIR — JOLT FOR SCHANBACHER — SURPRISE FOR DURBIN","https://www.politico.com/newsletters/illinois-playbook/2020/02/24/poll-foxx-conway-race-up-in-the-air-jolt-for-schanbacher-surprise-for-durbin-488398","en","False","","18268","Politico","https://www.politico.com/"
"1539407460","2020-03-05 08:00:10","These Black Women On TV Faced Scrutiny For Their Natural Hair","https://www.huffpost.com/entry/natural-hair-black-women-news-anchors_l_5e597d96c5b6450a30be59f4","en","False","","623375","Huffington Post - United States","http://www.huffingtonpost.com/?country=US"
"1539605176","2020-03-05 11:31:26","It's official: Virginia is now the fourth state to ban hair discrimination","http://rss.cnn.com/~r/rss/cnn_latest/~3/WdPs5ZExZ_g/index.html","en","False","","20088","CNN U.S. Edition","http://us.cnn.com"
"1539934264","2020-03-05 18:00:00","Virginia Becomes the Latest State to Ban Hair Discrimination: 'It Is Not What We Stand For'","https://theglowup.theroot.com/virginia-becomes-the-latest-state-to-ban-hair-discrimin-1842132237","en","False","","368082","theroot.com","http://theroot.com/"
"1541533575","2020-03-07 12:29:44","Protective Hairstyles Like 'Braids, Locks, and Twists' Protected Under New Virginia Bill","https://www.newsweek.com/virginia-bill-protected-hair-1491070?utm_source=Public&utm_medium=Feed&utm_campaign=Distribution","en","False","","56510","Newsweek","http://newsweek.com/"
"1541544203","2020-03-07 12:29:44","Protective Hairstyles Like 'Braids, Locks, and Twists' Protected Under New Virginia Bill","https://www.newsweek.com/virginia-bill-protected-hair-1491070?utm_source=Public&utm_medium=Feed&utm_campaign=Distribution","en","False","","1098","Newsweek ","http://www.newsweek.com/"
"1544080614","2020-03-05 08:00:10","These Black Women On TV Faced Scrutiny For Their Natural Hair","https://www.huffpost.com/entry/natural-hair-black-women-news-anchors_l_5e597d96c5b6450a30be59f4","en","False","","96720","HuffPost Latino Voices","http://voces.huffingtonpost.com/#spider"
"1548306023","2020-03-14 14:23:35","On stage and screen, artists back a cause: black hair matters","https://www.theguardian.com/uk-news/2020/mar/14/black-hair-matters-artists-back-cause","en","False","","1751","Guardian US","https://www.theguardian.com/us"
"1553038650","2020-03-19 10:50:45","Royal Baby Alert! Bhutan’s King and Queen Welcome Their Second Child","https://people.com/royals/royal-baby-alert-bhutans-king-and-queen-welcome-their-second-child/","en","False","","300472","PEOPLE.com","http://www.people.com/people/"
"1562075667","2020-03-29 04:25:21","The politics of black hair: The battle still rages on","http://www.arkansasonline.com/news/2020/mar/29/the-politics-of-black-hair-the-battle-s/","en","False","","56","Arkansas Democrat-Gazette ","http://www2.arkansasonline.com/"
"1514978919","2020-02-07 18:59:18"," Texas lawmakers are drafting a hair discrimination bill","https://abcnews.go.com/US/wireStory/texas-lawmakers-drafting-hair-discrimination-bill-68834813","en","False","","39000","ABC News","http://abcnews.go.com/"
"1511026376","2020-01-31 10:37:07"," 'Hair Love' director wants to win Oscar in honor of Kobe","https://abcnews.go.com/Entertainment/wireStory/hair-love-director-win-oscar-honor-kobe-68666726","en","False","","39000","ABC News","http://abcnews.go.com/"
"1574992251","2020-02-10 00:30:35","'Hair Love' started with a Kickstarter","http://rss.cnn.com/~r/rss/cnn_topstories/~3/gY0-VZDRIFU/index.html","en","False","","1095","CNN","http://www.cnn.com/"
"1497003929","2020-01-16 17:11:24","Rep. Ayanna Pressley reveals she has alopecia: 'It's important I'm transparent about this new normal'","http://rss.cnn.com/~r/rss/cnn_latest/~3/TJVJTmNJhQk/index.html","en","False","","1095","CNN","http://www.cnn.com/"
"1508112986","2020-01-28 16:41:57","Mother says son with long hair denied admission to 2 schools","https://www.cbsnews.com/news/uk-farouk-james-cant-find-school-that-will-allow-his-long-natural-hair-mother-fights-hair-discrimination-policy/","en","False","","1752","CBS News","http://www.cbsnews.com/"
"1528506444","2020-02-22 15:08:48","If the governor signs this bill, Virginia will become the fourth state to ban hair discrimination","http://rss.cnn.com/~r/rss/cnn_latest/~3/adMcdnreuPI/index.html","en","False","","1095","CNN","http://www.cnn.com/"
"1510909098","2020-01-31 14:04:32","Teen suspended for dreadlocks invited to Oscars by ""Hair Love"" team","http://feeds.cbsnews.com/~r/CBSNewsMain/~3/oXZYXPI2Rpw/","en","False","","1752","CBS News","http://www.cbsnews.com/"
"1497068881","2020-01-16 19:28:39","Rep. Ayanna Pressley goes public with alopecia and baldness","https://www.washingtonpost.com/entertainment/celebrities/rep-ayanna-pressley-goes-public-with-alopecia-and-baldness/2020/01/16/4e6851b8-38c0-11ea-a1ff-c48c1d59a4a1_story.html","en","True","","2","Washington Post","http://washingtonpost.com"
"1516593863","2020-02-09 21:20:07","'Hair Love' went from a Kickstarter to an Oscar winner","http://rss.cnn.com/~r/rss/cnn_latest/~3/gY0-VZDRIFU/index.html","en","False","","1095","CNN","http://www.cnn.com/"
"1516936815","2020-02-10 06:23:52","5 things to know for February 10: Oscars, coronavirus, 2020 Dems, White House, Thailand","http://rss.cnn.com/~r/rss/cnn_latest/~3/Xwc3JGrbGhg/index.html","en","False","","1095","CNN","http://www.cnn.com/"
"1514402827","2020-02-06 10:30:39","'Hair Love' filmmakers on normalizing black hair and 'girl dads'","http://feeds.latimes.com/~r/latimes/entertainment/~3/O9F6XtkxQjM/oscars-2020-hair-love-girl-dads-kobe-bryant-black-hair","en","False","","6","LA Times","http://www.latimes.com/"
"1546367913","2020-03-12 01:26:00","States are banning discrimination against black hairstyles. For some lawmakers, it’s personal.","https://www.washingtonpost.com/local/md-politics/maryland-bill-crown-act-hairstyles-discrimination/2020/03/12/c3b81582-5f05-11ea-b014-4fafa866bb81_story.html?utm_source=rss&utm_medium=referral&utm_campaign=wp_homepage","en","False","","2","Washington Post","http://washingtonpost.com"
"1483908433","2020-01-01 06:41:59","From plastic bags to natural hair, here are the new laws coming in 2020","http://rss.cnn.com/~r/rss/cnn_latest/~3/xKi0NYqZxHU/index.html","en","False","","1095","CNN","http://www.cnn.com/"
"1512250079","2020-02-03 04:45:17","The Business Of Black Hair","https://www.huffpost.com/entry/business-black-hair-care_l_5e1f77cac5b63211760d536e","en","False","","27502","HuffPost","http://www.huffingtonpost.com/#"
"1517274862","2020-02-10 11:47:45","Oscar-winning ‘Hair Love’ director calls attention to efforts to ban race-based hair discrimination","https://www.washingtonpost.com/business/2020/02/10/hair-love-oscars-crown-act/","en","False","","2","Washington Post","http://washingtonpost.com"
"1556283574","2020-03-23 07:00:43","Madam C.J. Walker tackled the politics of black hair. More than a century later, the battle still rages on.","https://www.washingtonpost.com/arts-entertainment/2020/03/23/netflix-self-made-madam-cj-walker-black-hair/?utm_source=rss&utm_medium=referral&utm_campaign=wp_homepage","en","False","","2","Washington Post","http://washingtonpost.com"
"1516592688","2020-02-09 21:22:13","‘Hair Love’ Director Matthew A. Cherry Calls For Normalizing Black Hair In Oscars Speech","https://www.huffpost.com/entry/hair-love-2020-oscars-matthew-a-cherry-crown-act_n_5e40b117c5b6f1f57f13a221","en","False","","27502","HuffPost","http://www.huffingtonpost.com/#"
"1516611781","2020-02-09 21:57:48","Heartwarming film ""Hair Love"" wins Oscar for best animated short","https://www.cbsnews.com/news/hair-love-wins-oscar-for-best-animated-short-matthew-cherry-2020-02-09/","en","False","","1752","CBS News","http://www.cbsnews.com/"
"1581836872","2020-01-16 00:00:00","Ayanna Pressley reveals struggle with alopecia, sharing hair loss in video - The Boston Globe","https://www.bostonglobe.com/2020/01/16/metro/ayanna-pressley-reveals-struggle-with-alopecia-sharing-hair-story-loss-video/","en","False","","15","The Boston Globe","https://www.bostonglobe.com/"
"1594824091","2020-05-02 02:00:00","Why Princess Charlotte Will Never Be Your Average Spare Heir","https://www.eonline.com/news/1146941/why-princess-charlotte-will-never-be-your-average-spare-heir?cmpid=rss-000000-rssfeed-365-topstories&utm_source=eonline&utm_medium=rssfeeds&utm_campaign=rss_topstories","en","False","","5856","E! Online","http://www.eonline.com/"
"1604626967","2020-05-12 14:15:00","Big Beauty Tuesday: Is Dove's 'Amplified Textures' a Drugstore 'Do'?","https://theglowup.theroot.com/big-beauty-tuesday-is-doves-amplified-textures-a-drugs-1843418878","en","False","","368082","theroot.com","http://theroot.com/"
"1625821277","2020-06-04 14:29:00","There are zero black women leading Fortune 500 companies right now. Here's how company culture can be sculpted to change that.","http://feedproxy.google.com/~r/businessinsider/~3/3LjDfSnCFFk/diversity-and-inclusion-change-company-culture-for-black-women-2020-2","en","False","","18710","Business Insider","http://www.businessinsider.com"
"1632396156","2020-06-11 16:49:33","PUBLISHERS WEEKLY BEST-SELLERS","https://abcnews.go.com/Entertainment/wireStory/publishers-weekly-best-sellers-71204804","en","False","","39000","ABC News","http://abcnews.go.com/"
"1632402210","2020-06-11 16:49:00","PUBLISHERS WEEKLY BEST-SELLERS","https://www.sfgate.com/entertainment/article/PUBLISHERS-WEEKLY-BEST-SELLERS-15333857.php","en","False","","14","SF Chronicle","http://www.sfgate.com/"
"1632414892","2020-06-11 16:51:11","PUBLISHERS WEEKLY BEST-SELLERS","https://www.washingtonpost.com/entertainment/books/publishers-weekly-best-sellers/2020/06/11/47a1a360-ac25-11ea-a43b-be9f6494a87d_story.html","en","False","","2","Washington Post","http://washingtonpost.com"
"1649769106","2020-07-01 07:46:46","'Wear your crown, because change is coming': Virginia joins states banning hair discrimination","https://www.theguardian.com/us-news/2020/jul/01/virginia-crown-act-black-hair-law-bill","en","False","","1751","Guardian US","https://www.theguardian.com/us"
"1649770031","2020-07-01 07:46:46","'Wear your crown, because change is coming': Virginia joins states banning hair discrimination","https://www.theguardian.com/us-news/2020/jul/01/virginia-crown-act-black-hair-law-bill","en","False","","623382","Guardian","http://www.theguardian.com/us"
"1650130229","2020-07-01 14:26:40","Virginia Becomes The First Southern State To Officially Ban Natural Hair Discrimination","https://www.refinery29.com/en-us/2020/07/9893295/virginia-bans-natural-hair-discrimination-crown-act?utm_source=feed&utm_medium=rss","en","False","","104698","Refinery29","http://www.refinery29.com"
"1650805194","2020-07-02 08:50:32","3 steps, 5 years: How one academic built a racially-diverse team","https://fortune.com/2020/07/02/build-racially-diverse-team/","en","False","","1105","Fortune ","http://fortune.com"
"1665212344","2020-07-17 23:55:57","Dove and The CROWN Coalition Mark 1st Anniversary Of New York Passing The CROWN Act (Video)","https://eurweb.com/2020/07/17/dove-and-the-crown-coalition-mark-1st-anniversary-of-new-york-passing-the-crown-act-video/","en","False","","25336","eurweb","http://www.eurweb.com"
"1666802920","2020-07-20 07:48:38","‘You Are A Bigot’: Al Sharpton’s Gives Shade-Filled Response to Trump’s ‘Nonsensical’ Dis","https://eurweb.com/2020/07/20/you-are-a-bigot-watch-al-sharptons-shady-response-to-trumps-nonsensical-dis-watch/","en","False","","25336","eurweb","http://www.eurweb.com"
"1668013177","2020-07-21 13:21:50","Virginia’s New Law Against Hair Discrimination and How We Got Here","https://www.forbes.com/sites/tomspiggle/2020/07/21/virginias-new-law-against-hair-discrimination-and-how-we-got-here/","en","False","","1104","Forbes","http://www.forbes.com/"
"1681314729","2020-08-12 09:00:15","Black Women With Natural Hairstyles Less Likely To Get Job Interviews, Study Reveals","https://www.huffpost.com/entry/black-women-natural-hairstyles-job-interviews-bias-study_l_5f32c915c5b64cc99fdecdfe","en","False","","27502","HuffPost","http://www.huffingtonpost.com/#"
"1681346357","2020-08-12 09:47:53","Black women with natural hairstyles less likely to get job interviews, study reveals","https://www.aol.com/article/lifestyle/2020/08/12/black-women-with-natural-hairstyles-less-likely-to-get-job-interviews-study-reveals/24589032/","en","False","","150985","AOL News","http://news.aol.com/"
"1681385198","2020-08-12 09:00:15","Black Women With Natural Hairstyles Less Likely To Get Job Interviews, Study Reveals","https://www.huffpost.com/entry/black-women-natural-hairstyles-job-interviews-bias-study_l_5f32c915c5b64cc99fdecdfe","en","False","","623375","Huffington Post - United States","http://www.huffingtonpost.com/?country=US"
"1681434950","2020-08-12 09:00:15","Black Women With Natural Hairstyles Less Likely To Get Job Interviews, Study Reveals","https://www.huffpost.com/entry/black-women-natural-hairstyles-job-interviews-bias-study_l_5f32c915c5b64cc99fdecdfe","en","False","","623373","Huffington Post Black Voices","http://www.huffingtonpost.com/black-voices/"
"1685765475","2020-08-12 09:00:15","Black Women With Natural Hairstyles Less Likely To Get Job Interviews, Study Reveals","https://www.huffpost.com/entry/black-women-natural-hairstyles-job-interviews-bias-study_l_5f32c915c5b64cc99fdecdfe","en","False","","96720","HuffPost Latino Voices","http://voces.huffingtonpost.com/#spider"
"1685917309","2020-08-17 21:40:12","'Supposed to be accepting': Private school forces out Black children with locks, parents say","http://rssfeeds.cincinnati.com/~/633792603/0/cincinnati-home~Supposed-to-be-accepting-Private-school-forces-out-Black-children-with-locks-parents-say/","en","False","","26590","cincinnati.com","http://cincinnati.com"
"1686359882","2020-08-18 08:19:05","'Supposed to be accepting': Private school forces out Black children with locks, parents say","https://www.dispatch.com/news/20200818/supposed-to-be-accepting-private-school-forces-out-black-children-with-locks-parents-say?rssfeed=true","en","False","","41","Columbus Dispatch","http://www.dispatch.com/"
"1686372328","2020-08-18 09:21:25","'Supposed to be accepting': Ohio private school forces out Black children with locks, parents say","http://rssfeeds.azcentral.com/~/633831722/0/phoenix/nation~Supposed-to-be-accepting-Ohio-private-school-forces-out-Black-children-with-locks-parents-say/","en","False","","25128","AZCentral","http://www.azcentral.com"
"1686377493","2020-08-18 09:21:25","'Supposed to be accepting': Ohio private school forces out Black children with locks, parents say","http://rssfeeds.usatoday.com/~/633831722/0/usatodaycomnation-topstories~Supposed-to-be-accepting-Ohio-private-school-forces-out-Black-children-with-locks-parents-say/","en","False","","4","USA Today","http://www.usatoday.com"
"1686444224","2020-08-18 10:30:00","What voting has and hasn’t done for women","https://www.vox.com/policy-and-politics/21364998/19th-amendment-women-equal-pay-economy-poverty-maternity-leave","en","False","","103906","Re/code","http://recode.net"
"1686446886","2020-08-18 10:30:00","What voting has and hasn’t done for women","https://www.vox.com/policy-and-politics/21364998/19th-amendment-women-equal-pay-economy-poverty-maternity-leave","en","False","","104828","Vox","http://www.vox.com"
"1686453620","2020-08-18 10:31:20","Joy Reid: A Black Woman’s Hair Politics","https://www.forbes.com/sites/ebonikwilliams/2020/08/18/joy-reids-hair-story-a-political-movement/","en","False","","1104","Forbes","http://www.forbes.com/"
"1687483694","2020-08-19 11:12:53","‘Predominantly Black’ Christian School Refuses Students With Dreadlocks","https://newsone.com/3998422/predominantly-black-school-refuses-students-with-dreadlocks/","en","False","","24661","newsone.com","http://newsone.com"
"1690958947","2020-08-23 18:37:20","Harry and Meghan's Son Archie Will Become a Prince When Charles Is King","https://www.usmagazine.com/celebrity-news/news/prince-harry-meghans-son-archie-will-be-a-prince-when-charles-is-king/","en","False","","24757","US Weekly","http://www.usmagazine.com"
"1691521334","2020-08-24 11:33:57","Meghan Markle & Prince Harry’s Son Archie Will Reportedly Become A Prince When Charles Is Crowned King","https://www.inquisitr.com/6242409/meghan-markle-prince-harry-archie/","en","False","","26924","Inquisitr","http://www.inquisitr.com"
"1691609346","2020-08-24 10:10:06","Can Archie Still Be A Prince? Here's How Meghan & Harry Stepping Down Affects Him","https://www.elitedaily.com/p/can-archie-still-be-a-prince-heres-how-meghan-harry-stepping-down-affects-him-32126131","en","False","","70102","elitedaily.com","http://elitedaily.com/#spider"
"1693895502","2020-08-26 19:18:38","Keke Palmer, Gabrielle Union, more celebs share Black hair discrimination stories in PSA","http://rssfeeds.azcentral.com/~/634533740/0/phoenix/nation~Keke-Palmer-Gabrielle-Union-more-celebs-share-Black-hair-discrimination-stories-in-PSA/","en","False","","25128","AZCentral","http://www.azcentral.com"
"1693930506","2020-08-26 19:18:38","Keke Palmer, Gabrielle Union, more celebs share Black hair discrimination stories in PSA","http://rssfeeds.usatoday.com/~/634533740/0/toppeople~Keke-Palmer-Gabrielle-Union-more-celebs-share-Black-hair-discrimination-stories-in-PSA/","en","False","","4","USA Today","http://www.usatoday.com"
"1694551295","2020-08-27 11:06:56","Keke Palmer, Gabrielle Union, & More Speak Out On Black Hair Discrimination In Powerful PSA — Watch","https://hollywoodlife.com/2020/08/27/keke-palmer-gabrielle-union-black-hair-discrimination-video/","en","False","","24621","hollywoodlife.com","http://hollywoodlife.com"
"1695523259","2020-08-28 08:00:00","Harry and Meghan’s Son Archie Isn’t a Prince—But He Could Still Become One","https://www.vanityfair.com/style/2020/08/archie-prince-title-royal-rules","en","False","","20982","Vanity Fair","http://www.vanityfair.com"
"1695747337","2020-08-28 14:45:00","We're Sensing a Pattern Here: Tracee Ellis Ross, Kerry Washington and More Center Black Hair This September","https://theglowup.theroot.com/were-sensing-a-pattern-here-tracee-ellis-ross-kerry-w-1844876105","en","False","","368082","theroot.com","http://theroot.com/"
"1699387666","2020-09-01 18:45:00","Big Beauty Tuesday: BREAD Has Arrived—With a Delicious Mission to Simplify Our Not-So-Basic Hair Routines","https://theglowup.theroot.com/big-beauty-tuesday-bread-has-arrived-with-a-delicious-1844918885","en","False","","368082","theroot.com","http://theroot.com/"
"1702943986","2020-02-08 17:00:47","Hair Discrimination: A Timeline Of Black Folks’ Hair Making White People Uncomfortable","https://newsone.com/playlist/timeline-hair-discrimination-against-black-people/","en","False","","24661","newsone.com","http://newsone.com"
"1703125644","2020-09-05 12:21:49","10 Reasons Why Anti-Racism Training Is Not The Problem","https://www.forbes.com/sites/ifeomaajunwa/2020/09/05/10-reasons-why-anti-racism-training-is-not-the-problem/","en","False","","1104","Forbes","http://www.forbes.com/"
"1703180627","2020-08-10 00:00:00","Curly, coily, or kinky hair? This Rhode Island startup has natural hair care products for you - The Boston Globe","https://www.bostonglobe.com/2020/08/10/metro/curly-coily-or-kinky-hair-this-rhode-island-startup-has-natural-hair-care-products-you/?s_campaign=rhodemap:newsletter","en","False","","15","The Boston Globe","https://www.bostonglobe.com/"
"1710489640","2020-09-14 00:00:18","Black-owned fashion brand launches luxury durags","https://www.theguardian.com/fashion/2020/sep/14/black-owned-fashion-brand-launches-luxury-durags","en","False","","1751","Guardian US","https://www.theguardian.com/us"
"1711307245","2020-09-15 00:03:03","Colorado’s CROWN Act, banning natural hair discrimination, goes into effect","https://www.denverpost.com/2020/09/14/colorado-natural-hair-discrimination-law/","en","False","","390346","Latest news, sports, weather from Denver and Colorado | The Denver Post","http://feeds.denverpost.com/dp-news-breaking"
"1711382776","2020-09-15 01:35:13","States see pressure to ban race-based hairstyle prejudice","https://www.startribune.com/states-see-pressure-to-ban-race-based-hairstyle-prejudice/572413852/","en","False","","19","Star Tribune ","http://www.startribune.com/"
"1711395770","2020-09-15 01:30:56","States see pressure to ban race-based hairstyle prejudice","https://www.sfgate.com/news/article/States-see-pressure-to-ban-race-based-hairstyle-15567436.php","en","True","","14","SF Chronicle","http://www.sfgate.com/"
"1711763280","2020-09-15 09:28:56","States see pressure to ban race-based hairstyle prejudice","https://www.aol.com/article/news/2020/09/15/states-see-pressure-to-ban-race-based-hairstyle-prejudice/24620762/","en","True","","150985","AOL News","http://news.aol.com/"
"1711934265","2020-09-15 12:05:52","States see pressure to ban race-based hairstyle prejudice","https://nypost.com/2020/09/15/states-see-pressure-to-ban-race-based-hairstyle-prejudice/","en","False","","7","New York Post","http://www.nypost.com/"
"1712092918","2020-09-15 15:46:13","New Mexico Considers Banning Race-based Hairstyle Prejudice","https://www.huffpost.com/entry/new-mexico-hairstyle-prejudice-ban_l_5f61170ec5b65fd7b855e6a2","en","True","","27502","HuffPost","http://www.huffingtonpost.com/#"
"1712094984","2020-09-15 15:46:13","New Mexico Considers Banning Race-based Hairstyle Prejudice","https://www.huffpost.com/entry/new-mexico-hairstyle-prejudice-ban_l_5f61170ec5b65fd7b855e6a2","en","True","","623375","Huffington Post - United States","http://www.huffingtonpost.com/?country=US"
"1712124791","2020-09-15 15:46:13","New Mexico Considers Banning Race-based Hairstyle Prejudice","https://www.huffpost.com/entry/new-mexico-hairstyle-prejudice-ban_l_5f61170ec5b65fd7b855e6a2","en","True","","96720","HuffPost Latino Voices","http://voces.huffingtonpost.com/#spider"
"1712212583","2020-09-15 15:46:13","New Mexico Considers Banning Race-based Hairstyle Prejudice","https://www.huffpost.com/entry/new-mexico-hairstyle-prejudice-ban_l_5f61170ec5b65fd7b855e6a2","en","True","","623373","Huffington Post Black Voices","http://www.huffingtonpost.com/black-voices/"
"1713049639","2020-09-16 12:10:49","Natural Hair Discrimination Is Now Officially Illegal In Colorado","https://www.refinery29.com/en-us/2020/09/10028265/colorado-bans-natural-hair-discrimination-crown-act?utm_source=feed&utm_medium=rss","en","False","","104698","Refinery29","http://www.refinery29.com"
"1718363305","2020-09-22 13:49:50","The House Just Passed A Law That Could End Natural Hair Discrimination Nationwide","https://www.refinery29.com/en-us/2020/09/10041077/the-crown-act-passes-house-of-representatives?utm_source=feed&utm_medium=rss","en","False","","104698","Refinery29","http://www.refinery29.com"
"1718769025","2020-09-23 01:58:39","House passes bill banning race-based hairstyle discrimination","https://nypost.com/2020/09/23/congress-passes-crown-act-banning-race-based-hairstyle-discrimination/","en","False","","7","New York Post","http://www.nypost.com/"
"1719377072","2020-07-15 00:00:00","Virginia Passes The Crown Act For Natural Hair","https://www.refinery29.com/en-gb/2020/07/9895377/virginia-bans-natural-hair-discrimination-crown-act","en","False","","104698","Refinery29","http://www.refinery29.com"
"1719533345","2020-09-23 17:40:17","The CROWN Act Passed The House & Is One Step Closer To Becoming Law","https://www.bustle.com/style/crown-act-passed-house-of-representatives","en","False","","98755","Bustle","http://www.bustle.com/#spider"
"1720823506","2020-09-25 02:59:12","Florida Republican under federal probe for spending","https://www.rawstory.com/2020/09/florida-republican-under-federal-probe-for-spending/","en","False","","1127","Raw Story","http://rawstory.com"
"1721576032","2020-09-25 18:30:51","The House’s Passage of the CROWN Act, Barring Race-Based Hair Discrimination, Is a Bright Spot in a Charged Week","https://www.vanityfair.com/style/2020/09/congresswoman-barbara-lee-crown-act-house-bill-hair-discrimination","en","False","","20982","Vanity Fair","http://www.vanityfair.com"
"1726281297","2020-10-01 05:00:00","From hairstyles to child support, these are some of the new Maryland laws going into effect Thursday","https://www.baltimoresun.com/politics/bs-pr-md-pol-october-new-laws-20201001-t753lqdmf5gqznp5s5fl53pyj4-story.html#ed=rss_www.baltimoresun.com/arcio/rss/category/maryland/howard/","en","False","","34","Baltimore Sun","http://www.baltimoresun.com/"
"1728673730","2020-09-15 00:00:00","Colorado Bans Natural Hair Discrimination Crown Act","https://www.refinery29.com/en-us/2020/09/10028265/colorado-bans-natural-hair-discrimination-crown-act?utm_source=rss&utm_medium=rss_linkback2","en","False","","104698","Refinery29","http://www.refinery29.com"
"1728683783","2020-09-15 00:00:00","House Of Representatives Passes Crown Act 2020","https://www.refinery29.com/en-us/2020/09/10041077/the-crown-act-passes-house-of-representatives?utm_source=rss&utm_medium=rss_linkback1","en","False","","104698","Refinery29","http://www.refinery29.com"
"1730017984","2020-10-05 14:27:55","Peduto administration introduces CROWN Act bill to protect natural hairstyles","https://www.post-gazette.com/local/city/2020/10/05/Peduto-administration-introduces-CROWN-Act-bill-to-protect-natural-hairstyles-pittsburgh/stories/202010050090","en","False","","45","Pittsburgh Post-Gazette ","http://www.post-gazette.com/"
"1731145454","2020-10-06 15:06:23","Will 2020’s racial reckoning lead to progress on marketing’s long-standing representation problems?","https://fortune.com/2020/10/06/diversity-in-marketing-representation-problems-2020-racial-reckoning-racism/","en","False","","1105","Fortune ","http://fortune.com"
"1732173656","2020-09-24 00:00:00","Pa. lawmakers promote CROWN Act legislation banning discrimination against natural hair styles","https://www.inquirer.com/news/pa-lawmakers-crown-act-protect-against-discrimination-natural-hair-20200924.html","en","False","","106678","Inquirer","http://inquirer.com/"
"1732588984","2020-09-24 00:00:00","U.S. House passes bill backed by Rep. Marcia Fudge to ban hairstyle discrimination","https://www.cleveland.com/open/2020/09/us-house-passes-bill-backed-by-rep-marcia-fudge-to-ban-hairstyle-discrimination.html","en","False","","1641","cleveland.com","http://www.cleveland.com/"
"1734350032","2020-10-09 15:02:25","CSUF professor looks at the intersection of beauty, hair and politics","https://www.ocregister.com/2020/10/09/csuf-professor-looks-at-the-intersection-of-beauty-hair-and-politics/","en","False","","25","Orange County Register","http://www.ocregister.com/"
"1741676918","2020-10-17 06:00:14","As nation grapples with COVID-19 and systemic racism, Democrats look to activate voters down ballot","http://rssfeeds.azcentral.com/~/637088594/0/phoenix/nation~As-nation-grapples-with-COVID-and-systemic-racism-Democrats-look-to-activate-voters-down-ballot/","en","False","","25128","AZCentral","http://www.azcentral.com"
"1741684286","2020-10-17 06:00:14","As nation grapples with COVID-19 and systemic racism, Democrats look to activate voters down ballot","https://feeds.feedblitz.com/~/637088594/0/usatoday-newstopstories~As-nation-grapples-with-COVID-and-systemic-racism-Democrats-look-to-activate-voters-down-ballot/","en","False","","4","USA Today","http://www.usatoday.com"
"1744759393","2020-10-20 11:39:08","'Bad Hair' is so much more than scary. The Hulu horror movie delivers frightening truths","http://rssfeeds.azcentral.com/~/637301294/0/phoenix/thingstodo~Bad-Hair-is-so-much-more-than-scary-The-Hulu-horror-movie-delivers-frightening-truths/","en","False","","25128","AZCentral","http://www.azcentral.com"
"1747069160","2020-10-22 17:26:33","Review: Justin Simien is back with 'Bad Hair,' a horror comedy that cuts","https://www.latimes.com/entertainment-arts/movies/story/2020-10-22/review-justin-simien-bad-hair-horror-comedy","en","False","","6","LA Times","http://www.latimes.com/"
"1747308069","2020-10-22 15:00:13","'Sisters get fired for less than that': How 'Bad Hair' shows the horrors of Black hair","http://rssfeeds.usatoday.com/~/637405814/0/usatodaycommovies-topstories~Sisters-get-fired-for-less-than-that-How-Bad-Hair-shows-the-horrors-of-Black-hair/","en","False","","4","USA Today","http://www.usatoday.com"
"1753620279","2020-10-29 07:58:16","Covington bans natural hair discrimination","http://rssfeeds.cincinnati.com/~/637878320/0/cincinnati-news~Covington-bans-natural-hair-discrimination/","en","False","","26590","cincinnati.com","http://cincinnati.com"
"1754003089","2020-10-29 15:42:51.296791","City bans discrimination based on hair","http://rss.cnn.com/~r/rss/cnn_us/~3/YvXI7M8bxKE/34511035","en","False","","20088","CNN U.S. Edition","http://us.cnn.com"
"1758486988","2020-11-03 05:00:48","Black Women Are Running For Office In Historic Numbers. These Are The Races You Should Watch","https://newsone.com/4043833/black-women-candidates-historic-races-list/","en","False","","24661","newsone.com","http://newsone.com"
"1764272945","2020-11-09 07:00:43","Op-Ed: What a buzz cut during the pandemic taught me about racism and sexism","http://feedproxy.google.com/~r/topoftheticket/~3/s-H8xqNtKvk/black-women-natural-hairstyles-racism","en","False","","6","LA Times","http://www.latimes.com/"
"1766657467","2020-11-11 09:00:28","Column: All hail the new 'queenmaker' of Black politics in California","https://www.latimes.com/california/story/2020-11-11/2020-election-holly-mitchell-los-angeles-county-supervisor-black-women","en","False","","6","LA Times","http://www.latimes.com/"
"1767181779","2020-11-11 22:35:56","UPS to allow natural Black hairstyles like afros and braids","https://www.seattletimes.com/business/ups-to-allow-natural-black-hairstyles-like-afros-and-braids/?utm_source=RSS&utm_medium=Referral&utm_campaign=RSS_all","en","False","","24940","Seattle Times","http://seattletimes.com"
"1767703102","2020-11-12 09:24:55","UPS allows employees to wear natural Black hairstyles and beards","http://rssfeeds.azcentral.com/~/638654606/0/phoenix/nation~UPS-allows-employees-to-wear-natural-Black-hairstyles-and-beards/","en","False","","25128","AZCentral","http://www.azcentral.com"
"1767728831","2020-11-12 09:24:55","UPS allows employees to wear natural Black hairstyles and beards","http://rssfeeds.usatoday.com/~/638654606/0/usatodaycomnation-topstories~UPS-allows-employees-to-wear-natural-Black-hairstyles-and-beards/","en","False","","4","USA Today","http://www.usatoday.com"
"1767760318","2020-11-12 11:20:00","UPS Finally Arrives at 21st Century, Will Allow Workers to Have Facial Hair and Natural Black Hairstyles","https://theglowup.theroot.com/ups-finally-arrives-at-21st-century-will-allow-workers-1845654257","en","True","","368082","theroot.com","http://theroot.com/"
"1770885535","2020-11-16 05:00:04","Should Schools or Employers Be Allowed to Tell People How They Should Wear Their Hair?","https://www.nytimes.com/2020/11/16/learning/should-schools-or-employers-be-allowed-to-tell-people-how-they-should-wear-their-hair.html","en","False","","1","New York Times","http://nytimes.com"
"1772408062","2020-11-17 16:48:46","Purpose At Work: How Unilever Leverages Growth And Acts On Advocacy","https://www.forbes.com/sites/simonmainwaring/2020/11/17/purpose-at-work-how-unilever-leverages-growth-and-acts-on-advocacy/","en","False","","1104","Forbes","http://www.forbes.com/"
"1795457311","2020-12-12 00:01:10","New Orleans considers ban on natural hair discrimination","https://www.sfgate.com/news/article/New-Orleans-considers-ban-on-natural-hair-15796358.php","en","True","","14","SF Chronicle","http://www.sfgate.com/"
"1801570266","2020-12-18 17:30:00","InHAIRitance: Tracee Ellis Ross, Ayanna Pressley and Color Of Change Advocate for Small Black Beauty Businesses and the CROWN Act","https://theglowup.theroot.com/inhairitance-tracee-ellis-ross-ayanna-pressley-and-co-1845909181","en","False","","368082","theroot.com","http://theroot.com/"
"1802801384","2020-12-20 12:19:48","The CROWN ACT: Black Hair Matters Too!","https://www.opednews.com/articles/The-CROWN-ACT-Black-Hair-by-Dr-Lenore-Daniels-Beauty_Black-Lives-Matter_Black-Women-Issues_Culture-201220-401.html","en","False","","26363","opednews.com","http://www.opednews.com"
"1812997490","2021-01-01 20:58:31","Wisconsin county looks to prohibit racial bias based on hairstyles","https://www.startribune.com/wisconsin-county-looks-to-prohibit-racial-bias-based-on-hairstyles/600005932/","en","False","","19","Star Tribune ","http://www.startribune.com/"
"1815521238","2021-01-05 09:58:42","Albuquerque City Council approves hair discrimination ban","https://www.sfgate.com/news/article/Albuquerque-City-Council-approves-hair-15847244.php","en","True","","14","SF Chronicle","http://www.sfgate.com/"
"1815622315","2021-01-05 11:57:57","Unilever to help black groups tackle hair discrimination","https://www.theguardian.com/world/2021/jan/05/unilever-to-help-black-groups-tackle-hair-discrimination","en","False","","1751","Guardian US","https://www.theguardian.com/us"
"1822928452","2021-01-13 12:51:04","The CROWN Act Makes Waves Across The Country To End Hair Discrimination","https://www.forbes.com/sites/forbestheculture/2021/01/13/the-crown-act-makes-waves-across-the-country-to-end-hair-discrimination/","en","False","","1104","Forbes","http://www.forbes.com/"
"1829020179","2021-01-20 07:49:04","North Carolina city OKs ban on hairstyle discrimination","https://www.sfgate.com/news/article/North-Carolina-city-OKs-ban-on-hairstyle-15884058.php","en","True","","14","SF Chronicle","http://www.sfgate.com/"
"1829106571","2021-01-20 09:23:08","North Carolina city OKs ban on hairstyle discrimination","https://www.seattletimes.com/nation-world/nation/north-carolina-city-oks-ban-on-hairstyle-discrimination/?utm_source=RSS&utm_medium=Referral&utm_campaign=RSS_all","en","True","","24940","Seattle Times","http://seattletimes.com"
"1829153620","2021-01-20 10:25:30","North Carolina cities OK ban on hairstyle discrimination","https://abcnews.go.com/Lifestyle/wireStory/north-carolina-city-oks-ban-hairstyle-discrimination-75369070","en","True","","39000","ABC News","http://abcnews.go.com/"
"1836081340","2021-01-27 20:27:17","Viral post shows just how poorly Black actresses are treated—especially when it comes to their hair","https://www.dailydot.com/irl/viral-thread-black-actresses-hair/","en","False","","366828","Daily Dot ","http://dailydot.com/"
"1837110151","2021-01-28 20:17:01","US Army announces a new grooming policy in a push for inclusion","http://rss.cnn.com/~r/rss/cnn_latest/~3/M-zoEpF_02o/index.html","en","False","","1095","CNN","http://www.cnn.com/"
"1837117600","2021-01-28 20:44:44","Army revamps grooming policy, citing need to address race and inequality","https://www.eastbaytimes.com/2021/01/28/army-revamps-grooming-policy-citing-need-to-address-race-and-inequality/","en","False","","27512","The Insider -","http://www.ibabuzz.com/insider/"
"1837123559","2021-01-28 20:17:01","US Army announces a new grooming policy in a push for inclusion","http://rss.cnn.com/~r/rss/cnn_latest/~3/M-zoEpF_02o/index.html","en","False","","20088","CNN U.S. Edition","http://us.cnn.com"
"1837124750","2021-01-28 20:44:44","Army revamps grooming policy, citing need to address race and inequality","https://www.mercurynews.com/2021/01/28/army-revamps-grooming-policy-citing-need-to-address-race-and-inequality/","en","False","","35","San Jose Mercury News","http://www.mercurynews.com/"
"1837944530","2021-01-29 15:55:24","US Army changes grooming standards to allow ponytails, nail polish and earrings","http://rssfeeds.usatoday.com/~/643035726/0/usatodaycomnation-topstories~US-Army-changes-grooming-standards-to-allow-ponytails-nail-polish-and-earrings/","en","False","","4","USA Today","http://www.usatoday.com"
"1837945032","2021-01-29 15:55:24","US Army changes grooming standards to allow ponytails, nail polish and earrings","http://rssfeeds.azcentral.com/~/643035726/0/phoenix/nation~US-Army-changes-grooming-standards-to-allow-ponytails-nail-polish-and-earrings/","en","False","","25128","AZCentral","http://www.azcentral.com"
"1840204398","2021-02-02 08:30:13","How to celebrate Black History Month 2021 across Phoenix: 8 virtual and in-person events","http://rssfeeds.azcentral.com/~/643313730/0/phoenix/thingstodo~How-to-celebrate-Black-History-Month-across-Phoenix-virtual-and-inperson-events/","en","False","","25128","AZCentral","http://www.azcentral.com"
"1842626548","2021-02-04 12:16:57","From Cause Marketing To A Greater Mission: How Dove Created A Business Model On Purpose","https://www.forbes.com/sites/jefffromm/2021/02/04/from-cause-marketing-to-a-greater-mission-how-dove-created-a-business-model-on-purpose/","en","False","","1104","Forbes","http://www.forbes.com/"
"1848312345","2021-02-10 12:20:34","When Wearing the Wrong Pants Could Land You in Prison","https://slate.com/culture/2021/02/dress-codes-fashion-law-history-book-review.html?via=rss","en","False","","19643","Slate.com","http://www.slate.com"
"1849514989","2021-02-11 16:35:51","Hollywood Unions Join AFL-CIO Push for Diversity, Equity and Inclusion Public Policy Agenda","https://variety.com/2021/tv/news/hollywood-unions-diversity-equity-inclusion-policy-agenda-1234906389/","en","False","","19076","variety.com","http://www.variety.com"
"1849600649","2021-02-11 18:18:49","Hollywood Unions Lobby for Tax Incentive to Promote Diverse Hiring in the Industry","https://www.thewrap.com/hollywood-unions-lobby-for-tax-incentive-to-promote-diverse-hiring-in-the-industry/","en","False","","18704","The Wrap","http://www.thewrap.com"
"1854235963","2021-02-16 16:37:00","Dove Men Care Unveils Groundbreaking Research On Black Men Bias And Stereotypes At Its First-Ever Black Men's Summit With The National Basketball Players Association On February 17, 2021 From 3 - 6pm/EST","https://www.thestreet.com/press-releases/dove-men-care-unveils-groundbreaking-research-on-black-men-bias-and-stereotypes-at-its-first-ever-black-men-s-summit-with-the-national-basketball-players-association-on-february-17-2021-from-3-6pm-est-15569012","en","False","","21619","The Street","http://www.thestreet.com"
"1855713324","2021-02-18 02:17:10","The best companies to work for as rated by Black employees","https://www.cbsnews.com/news/best-companies-to-work-for-2021-african-american-survey/","en","False","","1752","CBS News","http://www.cbsnews.com/"
"1862084507","2021-02-24 13:03:42","Arizona city becomes latest to pass hair discrimination ban","https://www.sfgate.com/news/article/Arizona-city-becomes-latest-to-pass-hair-15976040.php","en","True","","14","SF Chronicle","http://www.sfgate.com/"
"1862080121","2021-02-24 13:03:42","Arizona city becomes latest to pass hair discrimination ban","https://www.seattletimes.com/nation-world/nation/arizona-city-becomes-latest-to-pass-hair-discrimination-ban/?utm_source=RSS&utm_medium=Referral&utm_campaign=RSS_all","en","True","","24940","Seattle Times","http://seattletimes.com"
"1862242490","2021-02-24 15:53:56","Arizona city becomes latest to pass hair discrimination ban","https://www.aol.com/news/arizona-city-becomes-latest-pass-180341848-205356286.html","en","True","","150985","AOL News","http://news.aol.com/"
"1863458831","2021-02-25 16:38:11","New Mexico bill would mandate anti-racism school training","https://www.sfgate.com/news/education/article/New-Mexico-bill-would-mandate-anti-racism-school-15980041.php","en","True","","14","SF Chronicle","http://www.sfgate.com/"
"1866195836","2021-02-28 22:30:48","250 of the Best Birthday Instagram Captions to Celebrate Another Year Around the Sun","https://parade.com/1168543/marynliles/birthday-instagram-captions/","en","False","","33514","Parade","http://www.parade.com#spider"
"1870161267","2021-03-04 15:35:35","Lady Gaga Was Just Spotted With Her Darkest Hair In Years","https://www.refinery29.com/en-us/2021/03/10346109/lady-gaga-brown-hair-color-2021?utm_source=feed&utm_medium=rss","en","False","","104698","Refinery29","http://www.refinery29.com"
"1870943635","2021-03-05 10:33:28","Connecticut passes CROWN Act to ban discrimination against natural hair","https://www.foxnews.com/lifestyle/connecitcut-passes-crown-act-ban-discrimination-natural-hair","en","False","","1092","Fox News","http://www.foxnews.com/"
"1871311784","2021-03-05 20:44:10","Gov. Lamont signs off on CROWN ACT","https://www.courant.com/breaking-news/hc-br-governor-ned-lamont-signs-off-on-crown-act-20210306-bmvqw6jnnrga3pdmx42izl6oo4-story.html#ed=rss_www.courant.com/arcio/rss/category/breaking-news/","en","False","","59","Hartford Courant ","http://www.courant.com/"
"1872752433","2021-03-07 21:35:00","Meghan and Harry's explosive Oprah interview: The biggest revelations     - CNET","https://www.cnet.com/news/meghan-and-harrys-explosive-oprah-interview-the-biggest-revelations/#ftag=CADf328eec","en","False","","4415","CNET","http://cnet.com"
"1873516688","2021-03-08 15:37:00","Dove And The CROWN Coalition Celebrate Victory As The State Of Connecticut Makes Natural Hair Discrimination Illegal","https://www.thestreet.com/press-releases/dove-and-the-crown-coalition-celebrate-victory-as-the-state-of-connecticut-makes-natural-hair-discrimination-illegal-15589213","en","False","law and legislation, discrimination","21619","The Street","http://www.thestreet.com"
"1873632695","2021-03-08 19:10:57","Meghan: Archie's title was not royal family's ""right to take away""","https://www.cbsnews.com/news/harry-meghan-archie-titles-oprah-interview/","en","False","politics and government, royal family","1752","CBS News","http://www.cbsnews.com/"
"1876549387","2021-03-11 15:53:48","Aspen Dental employee resigns after boss comments on her hair","http://rssfeeds.cincinnati.com/~/646324116/0/cincinnati-news~Aspen-Dental-employee-resigns-after-boss-comments-on-her-hair/","en","False","medicine and health, labor, women, discrimination, diseases and conditions","26590","cincinnati.com","http://cincinnati.com"
"1876681383","2021-03-11 19:01:13","New Mexico state Senate passes hair discrimination bill","https://www.sfgate.com/news/article/New-Mexico-state-Senate-passes-hair-16019522.php","en","True","education and schools, law and legislation, religion and churches, labor, women, discrimination","14","SF Chronicle","http://www.sfgate.com/"
"1878608218","2021-03-14 05:59:28","'Natural hair was a breakup from America': the fashion story behind Judas and the Black Messiah","https://www.theguardian.com/film/2021/mar/14/judas-black-messiah-film-fashion-black-natural-hair","en","False","apparel","623382","Guardian","http://www.theguardian.com/us"
"1878642583","2021-03-14 05:59:28","'Natural hair was a breakup from America': the fashion story behind Judas and the Black Messiah","https://www.theguardian.com/film/2021/mar/14/judas-black-messiah-film-fashion-black-natural-hair","en","False","apparel","1751","Guardian US","https://www.theguardian.com/us"
"1883495058","2021-03-19 14:45:00","JOY Collective Wins Campaign Of The Year For Transformative Work With Dove And The Crown Act Movement At Illustrious 2021 PRweek Awards","https://www.thestreet.com/press-releases/joy-collective-wins-campaign-of-the-year-for-transformative-work-with-dove-and-the-crown-act-movement-at-illustrious-2021-prweek-awards-15601083","en","False","law and legislation, advertising and marketing, blacks, awards, decorations and honors","21619","The Street","http://www.thestreet.com"
"1886140839","2021-03-23 05:00:25","Harriette Cole: My mom’s plastic surgery made her almost unrecognizable","https://www.mercurynews.com/2021/03/23/harriette-cole-my-mom-wont-stop-with-the-plastic-surgery/","en","False","medicine and health, women, anatomy and physiology, surgery and surgeons","35","San Jose Mercury News","http://www.mercurynews.com/"
"1886161239","2021-03-23 05:00:25","Harriette Cole: My mom’s plastic surgery made her almost unrecognizable","https://www.eastbaytimes.com/2021/03/23/harriette-cole-my-mom-wont-stop-with-the-plastic-surgery/","en","False","medicine and health, women, anatomy and physiology, surgery and surgeons","27512","The Insider -","http://www.ibabuzz.com/insider/"
"1887642955","2021-03-24 17:13:00","There Is Nothing We Can Say About Meghan McCain's Hypocrisy That Her Hair Isn't Already Saying for Us","https://theglowup.theroot.com/there-is-nothing-we-can-say-about-meghan-mccains-hypocr-1846545997","en","False","politics and government, united states politics and government, television","368082","theroot.com","http://theroot.com/"
"1888286021","2021-03-24 18:40:57","Mom objects when 4-year-old son not allowed to wear braids at school","https://www.today.com/parents/school-tells-4-year-old-black-child-he-can-t-t212852","en","False","education and schools, teachers and school employees, blacks","34663","NBC Breaking News","http://www.breakingnews.com#spider"
"1889468682","2021-03-26 15:34:44","Chicago Mom Fights Back After Predominantly Black School Forces 4-Year-Old Son To Remove His Braids","https://newsone.com/4117648/chicago-mom-fights-back-after-school-forces-son-to-remove-braids/","en","False","education and schools, blacks","24661","newsone.com","http://newsone.com"
"1891619409","2021-03-29 16:03:51","Review: In ‘Crowns, Kinks and Curls,’ Getting to the Roots of Black Hair","https://www.nytimes.com/2021/03/29/theater/crowns-kinks-and-curls-review.html","en","False","women","1","New York Times","http://nytimes.com"
"1892662330","2021-03-30 17:21:04","A yearslong push to ban hair discrimination is gaining momentum","https://www.pbs.org/newshour/politics/a-yearslong-push-to-ban-hair-discrimination-is-gaining-momentum","en","False","labor, blacks, women, discrimination","271188","PBS NewsHour","http://www.pbs.org/newshour/"
"1896551937","2021-04-03 20:31:05","Gotcha: In attempts to keep Black hair 'under the heavy weight of discrimination', Republicans refuse to kneel before CROWN Act","https://www.msnbc.com/politicsnation/watch/gotcha-in-attempts-to-keep-black-hair-under-the-heavy-weight-of-discrimination-republicans-refuse-to-kneel-before-crown-act-109625925958","en","False","politics and government, law and legislation, labor, blacks, discrimination","359084","Superglue: MSNBC","http://www.msnbc.com/#superglue"
"1897095021","2020-10-22 13:41:11","As Queen Elizabeth and Prince Philip Get Ready to Celebrate 73 Years of Marriage, Find Out More About Their Four Children","https://parade.com/1088709/roisinkelly/queen-elizabeth-children/","en","False","marriages, children and youth, royal family","33514","Parade","http://www.parade.com#spider"
"1898044352","2021-04-05 18:29:39","New Mexico adopts new law to fight hairstyle discrimination","https://www.sfgate.com/news/article/New-Mexico-adopts-new-law-to-fight-hairstyle-16078705.php","en","True","politics and government, law and legislation, blacks, discrimination, apparel","14","SF Chronicle","http://www.sfgate.com/"
"1901097137","2021-04-12 16:34:55","This Fashion Recruiter’s Locs Are More Than Just A Hairstyle — They’re A Form Of Rebellion","https://www.refinery29.com/en-us/julienne-brown-loc-hair-routine?utm_source=feed&utm_medium=rss","en","False","","104698","Refinery29","http://www.refinery29.com"
"1908504161","2021-04-21 11:34:40","Michigan man says teacher, classmate cut his biracial daughter’s hair","https://nypost.com/2021/04/21/michigan-man-says-teacher-cut-his-biracial-daughters-hair/","en","False","education and schools, blacks","7","New York Post","http://www.nypost.com/"
"1909291002","2021-04-22 06:13:36","How the fight for natural, black hair became a civil rights issue | Keli Goff","https://www.theguardian.com/commentisfree/2021/apr/22/natural-black-hair-discrimination-civil-rights","en","False","politics and government, suits and litigation, blacks, discrimination","1751","Guardian US","https://www.theguardian.com/us"
"1909303273","2021-04-22 06:13:36","How the fight for natural, black hair became a civil rights issue | Keli Goff","https://www.theguardian.com/commentisfree/2021/apr/22/natural-black-hair-discrimination-civil-rights","en","False","politics and government, suits and litigation, blacks, discrimination","623382","Guardian","http://www.theguardian.com/us"
"1913533954","2021-04-26 15:25:03","Degree Just Launched The World’s First Deodorant For People With Disabilities","https://www.refinery29.com/en-us/2021/04/10443831/degree-inclusive-adaptive-deodorant?utm_source=feed&utm_medium=rss","en","False","advertising and marketing, medicine and health, handicapped, diseases and conditions","104698","Refinery29","http://www.refinery29.com"
"1916358200","2021-04-29 08:18:04","Texas man dies after attack by aggressive swarm of bees","https://www.chron.com/news/houston-texas/article/Texas-man-dies-after-attack-by-aggressive-swarm-16138253.php","en","True","no index terms from nytimes, fires and firefighters","10","houstonchronicle","http://www.chron.com/"
"1918055138","2021-04-30 08:40:09","Texas lawmakers consider bill that would prevent discriminatory bans on dreadlocks, other hairstyles","https://www.chron.com/news/houston-texas/article/texas-hair-discrimination-bill-crown-act-16141370.php","en","False","education and schools, law and legislation, labor, women, discrimination","10","houstonchronicle","http://www.chron.com/"
"1921569086","2021-05-04 20:26:47","Chauvin's lawyer seeks new trial, hearing to impeach verdict","https://www.chron.com/news/houston-texas/article/Chauvin-lawyer-seeks-new-trial-george-floyd-16151884.php","en","True","blacks, police, decisions and verdicts, crime and criminals, murders and attempted murders","10","houstonchronicle","http://www.chron.com/"
"1922357577","2021-05-05 13:15:30","Justin Bieber's dreadlocks spark debate: What's cultural appropriation versus appreciation?","http://rssfeeds.usatoday.com/~/650939160/0/toppeople~Justin-Biebers-dreadlocks-spark-debate-Whats-cultural-appropriation-versus-appreciation/","en","False","","4","USA Today","http://www.usatoday.com"
"1922891211","2021-05-05 14:01:24","Tennessee State Senate Unanimously Votes To End Natural Hair Discrimination","https://www.refinery29.com/en-us/2021/05/10459826/tennessee-natural-hair-discrimination-crown-act?utm_source=feed&utm_medium=rss","en","False","politics and government, law and legislation, suits and litigation, blacks, discrimination","104698","Refinery29","http://www.refinery29.com"
"1925469043","2021-05-08 15:40:05","St. Louis bans discrimination based on hairstyles","https://www.sfgate.com/news/article/St-Louis-bans-discrimination-based-on-hairstyles-16162384.php","en","True","politics and government, law and legislation, blacks, discrimination","14","SF Chronicle","http://www.sfgate.com/"
"1926714508","2021-05-10 06:50:27","John Oliver: Hey, White People, Leave Black Hair Alone","https://www.huffpost.com/entry/john-oliver-black-hair_n_6098f73de4b05fb33f4ef2a6","en","False","blacks, discrimination","27502","HuffPost","http://www.huffingtonpost.com/#"
"1926717883","2021-05-10 06:50:27","John Oliver: Hey, White People, Leave Black Hair Alone","https://www.huffpost.com/entry/john-oliver-black-hair_n_6098f73de4b05fb33f4ef2a6","en","False","blacks, discrimination","623375","Huffington Post - United States","http://www.huffingtonpost.com/?country=US"
"1926828042","2021-05-10 06:50:27","John Oliver: Hey, White People, Leave Black Hair Alone","https://www.huffpost.com/entry/john-oliver-black-hair_n_6098f73de4b05fb33f4ef2a6","en","False","blacks, discrimination","623373","Huffington Post Black Voices","http://www.huffingtonpost.com/black-voices/"
"1926961338","2021-05-10 11:48:32","John Oliver Tells Fellow White People What to Know About Black Hair","https://slate.com/culture/2021/05/john-oliver-black-hair-last-week-tonight-video.html?via=rss","en","False","blacks","19643","Slate.com","http://www.slate.com"
"1927071382","2021-05-10 09:33:04","John Oliver Recruited Leslie Jones To Deliver A Forthright PSA About Black Hair","https://uproxx.com/tv/john-oliver-black-hair-leslie-jones/","en","False","politics and government, blacks","68816","uproxx.com","http://www.uproxx.com/#spider"
"1927097688","2021-05-10 07:05:33","John Oliver Enlists Leslie Jones, Uzo Aduba and Craig Robinson to Explain Black Hair (Video)","https://www.thewrap.com/john-oliver-black-hair-leslie-jones-uzo-aduba-craig-robinson/","en","False","blacks, television, news and news media, media","18704","The Wrap","http://www.thewrap.com"
"1927485041","2021-05-10 14:00:00","John Oliver Tackles the Importance of Black Hair on Last Week Tonight—And He Does a Surprisingly Decent Job","https://thegrapevine.theroot.com/john-oliver-tackles-the-importance-of-black-hair-on-las-1846860968","en","False","labor, blacks, discrimination","368082","theroot.com","http://theroot.com/"
"1927766805","2021-05-10 06:50:27","John Oliver: Hey, White People, Leave Black Hair Alone","https://www.huffpost.com/entry/john-oliver-black-hair_n_6098f73de4b05fb33f4ef2a6","en","False","blacks, discrimination","96720","HuffPost Latino Voices","http://voces.huffingtonpost.com/#spider"
"1928478133","2021-05-11 17:09:28","These 5 Easy Summer Hairstyles Are Trending in L.A. & NYC","https://www.refinery29.com/en-us/summer-hairstyle-trends?utm_source=feed&utm_medium=rss","en","False","apparel","104698","Refinery29","http://www.refinery29.com"
"1931791718","2021-05-14 21:38:33","A Black softball player says she was forced to cut off her hair beads at a game. Her family wants to change the rule they say is discriminatory","http://rss.cnn.com/~r/rss/cnn_latest/~3/VbBohPbylZo/index.html","en","False","baseball, basketball","1095","CNN","http://www.cnn.com/"
"1931798610","2021-05-14 21:38:33","A Black softball player says she was forced to cut off her hair beads at a game. Her family wants to change the rule they say is discriminatory","http://rss.cnn.com/~r/rss/cnn_latest/~3/VbBohPbylZo/index.html","en","False","baseball, basketball","20088","CNN U.S. Edition","http://us.cnn.com"
"1937165951","2021-05-20 13:13:52","Legislation banning hair bias gains momentum in more states as schools and sports leagues face backlash for policies","http://rss.cnn.com/~r/rss/cnn_latest/~3/W0G86h7MTRw/index.html","en","False","education and schools, politics and government, law and legislation, women, discrimination","1095","CNN","http://www.cnn.com/"
"1937190745","2021-05-20 13:13:52","Legislation banning hair bias gains momentum in more states as schools and sports leagues face backlash for policies","http://rss.cnn.com/~r/rss/cnn_latest/~3/W0G86h7MTRw/index.html","en","False","education and schools, politics and government, law and legislation, women, discrimination","20088","CNN U.S. Edition","http://us.cnn.com"
"1942586875","2021-05-26 07:47:07","Hair Discrimination Bill in Illinois Inspired by 4-Year-Old Told to Take Out His Cornrows (Video)","https://eurweb.com/2021/05/26/hair-discrimination-bill-in-illinois-inspired-by-4-year-old-told-to-take-out-his-cornrows-video/","en","False","education and schools, law and legislation, women","25336","eurweb","http://www.eurweb.com"
"1942950532","2021-05-26 12:59:10","Texas House Democrats run out the clock in effort to sink GOP bills","https://www.salon.com/2021/05/26/texas-house-democrats-run-out-the-clock-in-effort-to-sink-gop-bills_partner/","en","False","politics and government, law and legislation, finances, lobbying and lobbyists, discrimination","1757","Salon","http://www.salon.com/"
"1950335782","2021-05-30 07:56:00","U.S. Sees Growing Effort To End Discriminatory Hair Grooming Policies","https://www.npr.org/2021/05/30/1001684784/u-s-sees-growing-effort-to-end-discriminatory-hair-grooming-policies","en","False","education and schools, law and legislation, labor, blacks, women, discrimination","1096","NPR","http://www.npr.org/"
"1953095066","2020-11-01 12:00:00","Oakland salon created as a sanctuary for Black women and their hair","https://www.sfchronicle.com/culture/article/Oakland-salon-created-as-a-sanctuary-for-Black-15689846.php","en","False","women","14","SF Chronicle","http://www.sfgate.com/"
"1957397189","2021-06-10 16:30:00","Dove and the CROWN Coalition’s Latest Collaboration Is a Love Letter to Black Hair, Black Beauty and Nina Simone","https://www.theroot.com/dove-and-the-crown-coalition-s-latest-collaboration-is-1847074252","en","False","recordings (audio), women","368082","theroot.com","http://theroot.com/"
"1958151518","2021-06-11 09:50:57","Dove Video for Nina Simone’s ‘Feeling Good’ Promotes The CROWN Act (Watch)","https://eurweb.com/2021/06/11/dove-video-for-nina-simones-feeling-good-promotes-the-crown-act-watch/","en","False","education and schools, recordings (audio), music","25336","eurweb","http://www.eurweb.com"
"1958180314","2021-06-11 10:30:33","Comedian Danny Rouhier Goes Viral with Charles Barkley Impression, NBA Icon Responds [WATCH]","https://eurweb.com/2021/06/11/comedian-danny-rouhier-goes-viral-with-charles-barkley-impression-nba-icon-responds-watch/","en","False","recordings (audio), basketball","25336","eurweb","http://www.eurweb.com"
"1964959060","2021-06-18 08:28:24","2 Tween Girls Film Music Video to Push the CROWN Act in Louisville (Watch)","https://eurweb.com/2021/06/18/2-tween-girls-film-music-video-to-push-the-crown-act-in-louisville-watch/","en","False","politics and government, law and legislation, discrimination","25336","eurweb","http://www.eurweb.com"
"1965175826","2021-06-18 09:15:04","Best summer hair trends: Local stylists recommend these looks to beat the Phoenix heat","http://rssfeeds.azcentral.com/~/655027202/0/phoenix/thingstodo~Best-summer-hair-trends-Local-stylists-recommend-these-looks-to-beat-the-Phoenix-heat/","en","False","","25128","AZCentral","http://www.azcentral.com"
